date,temperature_2m,relative_humidity_2m,dew_point_2m,apparent_temperature,precipitation,rain,snowfall,snow_depth,cloud_cover,cloud_cover_low,cloud_cover_mid,cloud_cover_high,is_day,shortwave_radiation,direct_radiation,diffuse_radiation,direct_normal_irradiance,terrestrial_radiation,shortwave_radiation_instant,direct_radiation_instant,diffuse_radiation_instant,direct_normal_irradiance_instant,terrestrial_radiation_instant,month,day,hour,sine month,cos month,sine hour,cos hour,Main Forecast,Lower Bound,Upper Bound
2020-05-06 00:00,5.335,88.17039,3.5349998,2.4526868,0,0,0,0,11.400001,0,11,16,0,0,0,0,0,0,0,0,0,0,0,5,6,0,0.9096319953545183,0.41541501300188644,-0.136166649,0.9906859460363308,0,0,0
2020-05-06 01:00,4.535,87.78641,2.685,1.3358469,0,0,0,0,0.6,0,0,2,0,0,0,0,0,0,0,0,0,0,0,5,6,1,0.9096319953545183,0.41541501300188644,0,1,0,0,0
2020-05-06 02:00,4.085,86.19491,1.9849999,0.71081114,0,0,0,0,5.7000003,0,0,19,0,0,0,0,0,0,0,0,0,0,0,5,6,2,0.9096319953545183,0.41541501300188644,0.1361666490962466,0.9906859460363308,0,0,0
2020-05-06 03:00,3.685,88.65152,1.9849999,0.36048937,0,0,0,0,0,0,0,0,1,0,0,0,0,0,0,0,0,0,13.605831,5,6,3,0.9096319953545183,0.41541501300188644,0.2697967711570243,0.9629172873477994,0,0,0
2020-05-06 04:00,4.335,85.91442,2.185,1.041316,0,0,0,0,5.1000004,0,0,17,1,39,18,21,175.892,94.58342,73.39095,33.872746,39.518204,255.8714,177.9889,5,6,4,0.9096319953545183,0.41541501300188644,0.39840108984624145,0.917211302,0.5201371452284758,0.477,0.5810000000000001
2020-05-06 05:00,6.235,77.46395,2.585,3.0590858,0,0,0,0,6.3,0,0,21,1,144,92,52,466.65225,265.0635,191.57306,122.393906,69.17916,466.65225,352.63214,5,6,5,0.9096319953545183,0.41541501300188644,0.5195839500354336,0.8544194045464886,2.3352130953547663,2.3,2.3870000000000005
2020-05-06 06:00,8.185,66.59715,2.335,4.8524113,0,0,0,0,48,0,32,96,1,271,194,77,592.9388,439.8844,323.83606,231.82361,92.01246,592.9388,525.64734,5,6,6,0.9096319953545183,0.41541501300188644,0.6310879443260529,0.7757112907044198,4.591164679211917,3.5,5.21
2020-05-06 07:00,9.335,57.9907,1.4849999,5.646964,0,0,0,0,38.7,0,20,89,1,321,142,179,314.43713,607.1447,362.29874,160.26923,202.02951,314.43713,685.2579,5,6,7,0.9096319953545183,0.41541501300188644,0.730835964,0.6825531432186541,5.336141184178673,1.3030000000000002,7.646
2020-05-06 08:00,10.285001,54.80561,1.585,6.5687275,0,0,0,0,52.5,0,43,89,1,423,207,216,368.3715,755.4631,459.47385,224.8489,234.62494,368.37152,820.604,5,6,8,0.9096319953545183,0.41541501300188644,0.816969893,0.5766803221148671,6.269090515442128,2.3850000000000002,8.8
2020-05-06 09:00,11.685,51.389942,1.9849999,8.075388,0,0,0,0,55.800003,0,49,88,1,558,341,217,524.0723,874.7485,588.44806,359.60715,228.84091,524.0723,922.48035,5,6,9,0.9096319953545183,0.41541501300188644,0.8878852184023752,0.4600650377311522,6.830638431758717,3.922,9.07
2020-05-06 10:00,12.285001,49.047386,1.885,8.526607,0,0,0,0,85.5,1,94,94,1,526,255,271,358.2519,956.892,540.88165,262.21448,278.66714,358.25192,983.9644,5,6,10,0.9096319953545183,0.41541501300188644,0.9422609221188204,0.3348796121709863,6.870431585180544,1.09,10.477
2020-05-06 11:00,11.885,49.111004,1.5350001,8.118919,0,0,0,0,73.5,1,94,54,1,286,48,238,64.76592,996.3159,287.3123,48.22024,239.09203,64.76592,1000.8874,5,6,11,0.9096319953545183,0.41541501300188644,0.9790840876823229,0.20345601305263375,4.554484758950775,1.83,8.256
2020-05-06 12:00,14.185,37.2485,-0.215,9.969017,0,0,0,0,37.2,0,51,22,1,416,111,305,150.66948,990.35583,408.33932,108.955925,299.3834,150.66948,972.1184,5,6,12,0.9096319953545183,0.41541501300188644,0.9976687691905392,0.068242413,6.730971367148842,2.916,9.19
2020-05-06 13:00,14.585,37.77401,0.335,10.836328,0,0,0,0,49.2,0,82,0,1,591,382,209,546.6123,939.4392,565.9621,365.81644,200.14565,546.6123,899.63965,5,6,13,0.9096319953545183,0.41541501300188644,0.9976687691905392,-0.068242413,7.5421193166744045,5.23,9.149000000000001
2020-05-06 14:00,14.785001,34.551765,-0.715,10.502875,0,0,0,0,57.000004,0,95,0,1,499,277,222,439.58414,847.0591,464.4517,257.82187,206.6298,439.5841,788.41284,5,6,14,0.9096319953545183,0.41541501300188644,0.9790840876823229,-0.203456013,5.762993332061718,2.3810000000000002,8.339
2020-05-06 15:00,14.785001,33.802925,-1.015,10.878446,0,0,0,0,60.000004,0,100,0,1,319,82,237,153.19014,719.532,286.41727,73.624504,212.79277,153.19014,646.0389,5,6,15,0.9096319953545183,0.41541501300188644,0.9422609221188205,-0.334879612,3.8222387882203828,1.354,5.7540000000000004
2020-05-06 16:00,14.035001,41.020695,0.98499995,10.693549,0,0,0,0,54.000004,0,90,0,1,193,45,148,106.951126,565.5689,164.5643,38.369915,126.19439,106.95112,482.2407,5,6,16,0.9096319953545183,0.41541501300188644,0.8878852184023752,-0.460065038,2.1783436856462313,0.81,3.66
2020-05-06 17:00,12.585,50.548836,2.585,9.595452,0,0,0,0,46.800003,0,78,0,1,98,18,80,61.147003,395.68253,76.3326,14.020274,62.312332,61.147,308.19873,5,6,17,0.9096319953545183,0.41541501300188644,0.8169698930104421,-0.576680322,0.8325045867856402,0.485,1.3550000000000013
2020-05-06 18:00,11.235001,56.640404,2.935,8.28667,0,0,0,0,46.2,0,77,0,1,72,22,50,133.52264,221.46672,44.146217,13.489121,30.657095,133.52264,135.79051,5,6,18,0.9096319953545183,0.41541501300188644,0.7308359642781239,-0.682553143,0.12603426202847726,0,0.2
2020-05-06 19:00,10.185,55.370583,1.635,6.6459084,0,0,0,0,1.5,1,1,0,0,14,3,11,34.53185,56.734123,0,0,0,0,0,5,6,19,0.9096319953545183,0.41541501300188644,0.631087944,-0.775711291,0,0,0
2020-05-06 20:00,8.185,62.00564,1.335,4.746978,0,0,0,0,51.600002,0,86,0,0,0,0,0,0,0,0,0,0,0,0,5,6,20,0.9096319953545183,0.41541501300188644,0.5195839500354339,-0.854419405,0,0,0
2020-05-06 21:00,8.285001,63.602936,1.7850001,5.397217,0,0,0,0,60.000004,0,100,0,0,0,0,0,0,0,0,0,0,0,0,5,6,21,0.9096319953545183,0.41541501300188644,0.3984010898462414,-0.917211302,0,0,0
2020-05-06 22:00,8.385,65.46661,2.2849998,5.7601595,0,0,0,0,27.000002,0,45,0,0,0,0,0,0,0,0,0,0,0,0,5,6,22,0.9096319953545183,0.41541501300188644,0.2697967711570243,-0.962917287,0,0,0
2020-05-06 23:00,6.935,73.30211,2.485,4.3958836,0,0,0,0,26.400002,0,44,0,0,0,0,0,0,0,0,0,0,0,0,5,6,23,0.9096319953545183,0.41541501300188644,0.1361666490962471,-0.990685946,0,0,0
2020-05-07 00:00,7.035,76.77419,3.235,4.3084574,0,0,0,0,40.2,0,67,0,0,0,0,0,0,0,0,0,0,0,0,5,7,0,0.9096319953545183,0.41541501300188644,-0.136166649,0.9906859460363308,0,0,0
2020-05-07 01:00,6.985,65.85897,1.0350001,3.4316773,0,0,0,0,10.200001,0,17,0,0,0,0,0,0,0,0,0,0,0,0,5,7,1,0.9096319953545183,0.41541501300188644,0,1,0,0,0
2020-05-07 02:00,5.6349998,62.980995,-0.865,1.616189,0,0,0,0,0,0,0,0,0,0,0,0,0,0,0,0,0,0,0,5,7,2,0.9096319953545183,0.41541501300188644,0.1361666490962466,0.9906859460363308,0,0,0
2020-05-07 03:00,5.435,62.018612,-1.2650001,1.1632586,0,0,0,0,0.6,0,1,0,1,0,0,0,0,0,0,0,0,0,19.584066,5,7,3,0.9096319953545183,0.41541501300188644,0.2697967711570243,0.9629172873477994,0,0,0
2020-05-07 04:00,5.685,63.454247,-0.715,1.5419531,0,0,0,0,2.4,0,0,8,1,42,20,22,191.48615,100.408615,76.823456,36.5826,40.24086,267.67758,183.66042,5,7,4,0.9096319953545183,0.41541501300188644,0.39840108984624145,0.917211302,0.5555715772651842,0.509,0.59
2020-05-07 05:00,6.785,59.250862,-0.615,2.791378,0,0,0,0,0,0,0,0,1,149,96,53,476.81125,270.5633,197.13116,127.01068,70.12048,476.81125,357.9628,5,7,5,0.9096319953545183,0.41541501300188644,0.5195839500354336,0.8544194045464886,2.1223874623705226,1.17,2.56
2020-05-07 06:00,7.585,49.6978,-2.265,3.1591277,0,0,0,0,0,0,0,0,1,287,219,68,661.27844,445.036,342.1963,261.1184,81.077866,661.27844,530.62604,5,7,6,0.9096319953545183,0.41541501300188644,0.6310879443260529,0.7757112907044198,5.1779461047522926,4.4,6.38
2020-05-07 07:00,8.485001,45.38578,-2.665,4.3552465,0,0,0,0,0,0,0,0,1,428,347,81,761.97473,611.94946,482.51758,391.19998,91.31758,761.97473,689.898,5,7,7,0.9096319953545183,0.41541501300188644,0.730835964,0.6825531432186541,7.2802036932358485,6.79,8.336
2020-05-07 08:00,9.435,43.044353,-2.515,5.474684,0,0,0,0,0.3,0,0,1,1,554,465,89,822.2213,759.9449,601.3821,504.77014,96.611916,822.2213,824.9408,5,7,8,0.9096319953545183,0.41541501300188644,0.816969893,0.5766803221148671,8.93952727,7.99,10.132
2020-05-07 09:00,10.435,40.556545,-2.415,7.067766,0,0,0,0,2.7,0,0,9,1,657,561,96,857.6416,878.9539,692.59235,591.39166,101.200714,857.6416,926.5705,5,7,9,0.9096319953545183,0.41541501300188644,0.8878852184023752,0.4600650377311522,10.144714063443953,9.14,11.11
2020-05-07 10:00,11.385,38.076466,-2.415,8.38608,0,0,0,0,8.400001,0,0,28,1,728,627,101,876.7909,960.88617,748.45197,644.6145,103.837425,876.79083,987.8807,5,7,10,0.9096319953545183,0.41541501300188644,0.9422609221188204,0.3348796121709863,9.891822705954906,7.16,11.11
2020-05-07 11:00,12.235001,35.340202,-2.665,9.351373,0,0,0,0,53.7,4,40,87,1,754,632,122,849.0465,1000.1779,757.4196,634.86633,122.55331,849.0466,1004.7139,5,7,11,0.9096319953545183,0.41541501300188644,0.9790840876823229,0.20345601305263375,10.011882996566607,7.77,11.42
2020-05-07 12:00,12.535001,36.089634,-2.115,9.109075,0,0,0,0,60.300003,0,87,27,1,673,428,245,578.4486,994.1729,660.66095,420.1529,240.50807,578.4486,975.94543,5,7,12,0.9096319953545183,0.41541501300188644,0.9976687691905392,0.068242413,7.673934777112076,3.73,10.156
2020-05-07 13:00,12.435,34.878986,-2.665,8.197923,0,0,0,0,45.600002,0,76,0,1,392,124,268,176.62209,943.30237,375.48328,118.77533,256.70798,176.62209,903.5568,5,7,13,0.9096319953545183,0.41541501300188644,0.9976687691905392,-0.068242413,5.992517328152647,2.94,8.28
2020-05-07 14:00,12.635,34.17013,-2.765,8.177463,0,0,0,0,52.2,0,87,0,1,390,174,216,274.6992,851.0545,363.1686,162.02907,201.13954,274.6992,792.50323,5,7,14,0.9096319953545183,0.41541501300188644,0.9790840876823229,-0.203456013,5.100738242506447,1.83,7.3340000000000005
2020-05-07 15:00,12.085,37.447704,-2.015,7.5326214,0,0,0,0,14.400001,0,24,0,1,299,112,187,207.91884,723.73737,268.691,100.6468,168.0442,207.91884,650.3736,5,7,15,0.9096319953545183,0.41541501300188644,0.9422609221188205,-0.334879612,3.8907981043869553,1.37,6.265000000000001
2020-05-07 16:00,11.935,36.718445,-2.415,7.191766,0,0,0,0,0.6,0,1,0,1,371,277,94,652.8554,570.0472,316.86826,236.58359,80.28468,652.8554,486.87296,5,7,16,0.9096319953545183,0.41541501300188644,0.8878852184023752,-0.460065038,3.148427968191816,2.65,3.49
2020-05-07 17:00,11.335,42.191727,-1.065,7.458173,0,0,0,0,0,0,0,0,1,241,174,67,583.7288,400.4769,188.45529,136.06316,52.392136,583.72876,313.1618,5,7,17,0.9096319953545183,0.41541501300188644,0.8169698930104421,-0.576680322,1.0815660871090875,0.92,1.12
2020-05-07 18:00,9.435,53.02607,0.335,6.1787367,0,0,0,0,0.6,0,1,0,1,117,73,44,432.80917,226.59848,72.85149,45.45435,27.39714,432.80917,141.09433,5,7,18,0.9096319953545183,0.41541501300188644,0.7308359642781239,-0.682553143,0.17943316120807093,0.11,0.19
2020-05-07 19:00,7.735,57.581097,-0.114999995,4.3147783,0,0,0,0,0.6,0,1,0,0,23,10,13,112.53998,60.277977,0,0,0,0,0,5,7,19,0.9096319953545183,0.41541501300188644,0.631087944,-0.775711291,0,0,0
2020-05-07 20:00,5.235,70.91018,0.385,1.9586735,0,0,0,0,14.100001,0,1,45,0,0,0,0,0,0,0,0,0,0,0,5,7,20,0.9096319953545183,0.41541501300188644,0.5195839500354339,-0.854419405,0,0,0
2020-05-07 21:00,4.035,78.796684,0.685,0.7938976,0,0,0,0,17.1,0,0,57,0,0,0,0,0,0,0,0,0,0,0,5,7,21,0.9096319953545183,0.41541501300188644,0.3984010898462414,-0.917211302,0,0,0
2020-05-07 22:00,4.6349998,74.473015,0.485,1.605711,0,0,0,0,1.8000001,0,0,6,0,0,0,0,0,0,0,0,0,0,0,5,7,22,0.9096319953545183,0.41541501300188644,0.2697967711570243,-0.962917287,0,0,0
2020-05-07 23:00,3.5349998,79.579094,0.335,0.4431982,0,0,0,0,54.600002,3,74,25,0,0,0,0,0,0,0,0,0,0,0,5,7,23,0.9096319953545183,0.41541501300188644,0.1361666490962471,-0.990685946,0,0,0
2020-05-08 00:00,3.435,82.78802,0.785,0.24650192,0,0,0,0,44.100002,3,69,0,0,0,0,0,0,0,0,0,0,0,0,5,8,0,0.9096319953545183,0.41541501300188644,-0.136166649,0.9906859460363308,0,0,0
2020-05-08 01:00,3.085,84.55433,0.735,-0.047269344,0,0,0,0,51.3,7,75,0,0,0,0,0,0,0,0,0,0,0,0,5,8,1,0.9096319953545183,0.41541501300188644,0,1,0,0,0
2020-05-08 02:00,4.985,75.616,1.0350001,1.944519,0,0,0,0,44.7,2,67,9,0,0,0,0,0,0,0,0,0,0,0,5,8,2,0.9096319953545183,0.41541501300188644,0.1361666490962466,0.9906859460363308,0,0,0
2020-05-08 03:00,4.3849998,79.134094,1.085,1.4685106,0,0,0,0,64.5,0,89,37,1,0,0,0,0,2.7742531,0,0,0,0,25.42049,5,8,3,0.9096319953545183,0.41541501300188644,0.2697967711570243,0.9629172873477994,0.007078442,0,0.05
2020-05-08 04:00,4.8849998,78.92619,1.5350001,1.8212805,0,0,0,0,80.4,2,83,96,1,25,4,21,37.5574,106.092415,44.58116,7.132986,37.448177,50.643005,189.18892,5,8,4,0.9096319953545183,0.41541501300188644,0.39840108984624145,0.917211302,0.3446087074665776,0.019000000000000003,0.98
2020-05-08 05:00,6.235,77.189384,2.5349998,3.0640025,0,0,0,0,80.4,2,81,100,1,104,28,76,136.30382,275.9213,136.87881,36.85199,100.026825,136.30382,363.15173,5,8,5,0.9096319953545183,0.41541501300188644,0.5195839500354336,0.8544194045464886,1.256226009876999,0.258,2.45
2020-05-08 06:00,7.535,77.12649,3.7849998,4.2338505,0,0,0,0,68.4,38,7,100,1,203,62,141,185.0375,450.04755,241.52931,73.76757,167.76173,185.0375,535.4664,5,8,6,0.9096319953545183,0.41541501300188644,0.6310879443260529,0.7757112907044198,2.9827880973313876,1.0490000000000002,5.211000000000002
2020-05-08 07:00,9.885,66.96514,4.035,6.176856,0,0,0,0,72.9,49,0,96,1,384,252,132,548.91125,616.6181,432.4417,283.78986,148.65184,548.91125,694.4046,5,8,7,0.9096319953545183,0.41541501300188644,0.730835964,0.6825531432186541,5.878393674631449,2.426,7.136000000000002
2020-05-08 08:00,11.435,61.040257,4.185,7.7394695,0,0,0,0,33.300003,7,0,90,1,478,298,180,523.6773,764.2963,518.56085,323.2869,195.27396,523.6773,829.1509,5,8,8,0.9096319953545183,0.41541501300188644,0.816969893,0.5766803221148671,6.6470306699563375,3.588,8.971000000000002
2020-05-08 09:00,13.735001,50.153126,3.5349998,9.445222,0,0,0,0,60.899998,59,0,26,1,632,507,125,771.1342,883.03613,665.99963,534.275,131.72461,771.1342,930.54065,5,8,9,0.9096319953545183,0.41541501300188644,0.8878852184023752,0.4600650377311522,8.069731603,5.079,10.12
2020-05-08 10:00,13.835,49.653217,3.485,9.48187,0,0,0,0,59.399998,64,0,6,1,632,463,169,644.5429,964.764,649.63513,475.9194,173.71573,644.5429,991.6843,5,8,10,0.9096319953545183,0.41541501300188644,0.9422609221188204,0.3348796121709863,6.386403660693873,1.69,9.826
2020-05-08 11:00,14.335,44.46883,2.385,10.192391,0,0,0,0,25.8,20,0,26,1,740,622,118,832.08923,1003.93066,743.32056,624.7911,118.529495,832.08923,1008.43555,5,8,11,0.9096319953545183,0.41541501300188644,0.9790840876823229,0.20345601305263375,10.329120611877382,9.522,10.98
2020-05-08 12:00,14.635,43.152367,2.235,10.084705,0,0,0,0,100,98,96,0,1,708,559,149,752.3234,997.8882,695.0771,548.79675,146.28035,752.3234,979.674,5,8,12,0.9096319953545183,0.41541501300188644,0.9976687691905392,0.068242413,7.177350139164924,5.989,10.19
2020-05-08 13:00,13.085,59.136242,5.285,8.253151,0,0,0,0,100,84,70,0,1,402,130,272,184.34335,947.0696,385.15372,124.5522,260.60153,184.34335,907.38153,5,8,13,0.9096319953545183,0.41541501300188644,0.9976687691905392,-0.068242413,4.384006128136416,1.59,7.867000000000002
2020-05-08 14:00,13.585,51.002487,3.635,8.837212,0,0,0,0,100,82,80,3,1,397,153,244,240.3274,854.95953,369.85684,142.53928,227.31755,240.32738,796.5054,5,8,14,0.9096319953545183,0.41541501300188644,0.9790840876823229,-0.203456013,4.9547272500006665,1.725,7.33
2020-05-08 15:00,13.585,45.86179,2.135,9.02906,0,0,0,0,92.100006,39,95,0,1,304,135,169,249.07913,727.8556,273.4129,121.41691,151.99599,249.07913,654.622,5,8,15,0.9096319953545183,0.41541501300188644,0.9422609221188205,-0.334879612,3.444795403965538,1.496,6.2330000000000005
2020-05-08 16:00,13.085,49.27042,2.685,9.647614,0,0,0,0,63.3,4,96,7,1,137,18,119,42.07931,574.4392,117.20038,15.39859,101.80179,42.07931,491.41962,5,8,16,0.9096319953545183,0.41541501300188644,0.8878852184023752,-0.460065038,1.7421244427116014,0.569,3.3840000000000003
2020-05-08 17:00,12.885,50.631344,2.885,9.132898,0,0,0,0,55.5,2,75,29,1,139,46,93,152.45331,405.18423,109.10392,36.10633,72.99759,152.4533,318.03732,5,8,17,0.9096319953545183,0.41541501300188644,0.8169698930104421,-0.576680322,0.8543341866900163,0.36,1.08
2020-05-08 18:00,12.185,52.635517,2.7849998,8.422309,0,0,0,0,57.300003,0,58,75,1,66,21,45,121.73815,231.64105,41.686275,13.263815,28.42246,121.73815,146.30687,5,8,18,0.9096319953545183,0.41541501300188644,0.7308359642781239,-0.682553143,0.15847400330537081,0.01,0.24200000000000016
2020-05-08 19:00,10.435,59.102028,2.7849998,6.7387524,0,0,0,0,39,0,24,82,1,22,5,17,55.063587,65.651566,0,0,0,0,0,5,8,19,0.9096319953545183,0.41541501300188644,0.631087944,-0.775711291,0,0,0
2020-05-08 20:00,9.785001,60.426117,2.485,5.9656944,0,0,0,0,33.9,0,16,81,0,0,0,0,0,0,0,0,0,0,0,5,8,20,0.9096319953545183,0.41541501300188644,0.5195839500354339,-0.854419405,0,0,0
2020-05-08 21:00,9.135,61.79048,2.185,5.4292746,0,0,0,0,24.6,0,5,72,0,0,0,0,0,0,0,0,0,0,0,5,8,21,0.9096319953545183,0.41541501300188644,0.3984010898462414,-0.917211302,0,0,0
2020-05-08 22:00,8.585,64.58607,2.2849998,4.8970222,0,0,0,0,14.700001,0,0,49,0,0,0,0,0,0,0,0,0,0,0,5,8,22,0.9096319953545183,0.41541501300188644,0.2697967711570243,-0.962917287,0,0,0
2020-05-08 23:00,7.785,70.40506,2.735,4.2773237,0,0,0,0,12.6,0,0,42,0,0,0,0,0,0,0,0,0,0,0,5,8,23,0.9096319953545183,0.41541501300188644,0.1361666490962471,-0.990685946,0,0,0
2020-05-09 00:00,7.335,74.15871,3.0349998,4.0987196,0,0,0,0,9.3,0,0,31,0,0,0,0,0,0,0,0,0,0,0,5,9,0,0.9096319953545183,0.41541501300188644,-0.136166649,0.9906859460363308,0,0,0
2020-05-09 01:00,6.085,81.95646,3.235,3.2009807,0,0,0,0,4.2000003,0,0,14,0,0,0,0,0,0,0,0,0,0,0,5,9,1,0.9096319953545183,0.41541501300188644,0,1,0,0,0
2020-05-09 02:00,5.535,86.04069,3.385,2.6269565,0,0,0,0,0.6,0,0,2,0,0,0,0,0,0,0,0,0,0,0,5,9,2,0.9096319953545183,0.41541501300188644,0.1361666490962466,0.9906859460363308,0,0,0
2020-05-09 03:00,4.985,90.02478,3.485,2.2443032,0,0,0,0,0,0,0,0,1,1,0,1,0,5.572374,5.582738,0,5.582738,0,31.1091,5,9,3,0.9096319953545183,0.41541501300188644,0.2697967711570243,0.9629172873477994,0.019708625356841317,0,0.06
2020-05-09 04:00,5.535,89.75122,3.9850001,3.063692,0,0,0,0,0,0,0,0,1,46,22,24,202.75688,111.62707,80.17955,38.34674,41.83281,264.60025,194.56973,5,9,4,0.9096319953545183,0.41541501300188644,0.39840108984624145,0.917211302,0.6234004947397622,0.55,0.6810000000000002
2020-05-09 05:00,7.235,77.896805,3.635,5.213709,0,0,0,0,0.3,0,0,1,1,153,100,53,477.55057,281.1313,200.38245,130.96892,69.41353,477.5506,368.1946,5,9,5,0.9096319953545183,0.41541501300188644,0.5195839500354336,0.8544194045464886,2.388726365582684,2.275,2.58
2020-05-09 06:00,8.785001,64.63149,2.485,6.318965,0,0,0,0,1.2,0,0,4,1,286,215,71,634.4962,454.91403,339.59607,255.29074,84.30531,634.4962,540.16437,5,9,6,0.9096319953545183,0.41541501300188644,0.6310879443260529,0.7757112907044198,4.932839661829521,4.394,5.21
2020-05-09 07:00,10.385,57.027023,2.235,7.8797007,0,0,0,0,17.1,0,1,55,1,422,338,84,730.52344,621.14636,474.73923,380.24136,94.497856,730.52344,698.77374,5,9,7,0.9096319953545183,0.41541501300188644,0.730835964,0.6825531432186541,7.095957235247422,6.765,7.357
2020-05-09 08:00,11.935,52.1958,2.435,9.249083,0,0,0,0,12.3,0,2,37,1,548,455,93,794.8086,768.51373,594.1468,493.3153,100.83148,794.80865,833.22986,5,9,8,0.9096319953545183,0.41541501300188644,0.816969893,0.5766803221148671,8.740314568,8.16,9.27
2020-05-09 09:00,13.085,49.79721,2.835,10.80297,0,0,0,0,13.8,0,0,46,1,648,542,106,820.30316,886.99084,682.62634,570.96216,111.664185,820.3032,934.3878,5,9,9,0.9096319953545183,0.41541501300188644,0.8878852184023752,0.4600650377311522,9.853181369587753,9.409,10.307
2020-05-09 10:00,13.835,48.957623,3.2849998,11.663706,0,0,0,0,25.800001,0,1,84,1,714,596,118,826.08014,968.5228,733.7942,612.5229,121.27131,826.08014,995.37317,5,9,10,0.9096319953545183,0.41541501300188644,0.9422609221188204,0.3348796121709863,10.494123960241353,9.770999999999999,11.03
2020-05-09 11:00,14.085,49.027092,3.5349998,12.015417,0,0,0,0,72.6,20,46,90,1,733,572,161,762.0734,1007.5728,736.257,574.5416,161.7154,762.0734,1012.04987,5,9,11,0.9096319953545183,0.41541501300188644,0.9790840876823229,0.20345601305263375,8.753396140016884,6.232,11.063
2020-05-09 12:00,12.185,52.449257,2.735,8.569249,0,0,0,0,100,59,95,79,1,561,312,249,418.1887,1001.49994,550.8065,306.33087,244.47562,418.1887,983.3025,5,9,12,0.9096319953545183,0.41541501300188644,0.9976687691905392,0.068242413,5.644049195165253,2.6100000000000003,9.94
2020-05-09 13:00,11.685,55.762978,3.135,7.9104176,0,0,0,0,100,79,94,92,1,474,212,262,299.3191,950.7395,454.24292,203.1635,251.07942,299.3191,911.1112,5,9,13,0.9096319953545183,0.41541501300188644,0.9976687691905392,-0.068242413,5.202417960548318,2.08,8.920000000000002
2020-05-09 14:00,11.085,59.26352,3.435,7.7034683,0,0,0,0,100,84,90,0,1,299,63,236,98.4724,858.7715,278.68234,58.71902,219.96332,98.4724,800.4162,5,9,14,0.9096319953545183,0.41541501300188644,0.9790840876823229,-0.203456013,3.932400226237374,1.369,6.743
2020-05-09 15:00,10.985001,60.93193,3.735,7.6615067,0,0,0,0,60,22,49,36,1,229,52,177,95.368355,731.8838,206.1268,46.806087,159.32071,95.368355,658.78107,5,9,15,0.9096319953545183,0.41541501300188644,0.9422609221188205,-0.334879612,3.273826060181827,1.3230000000000002,5.4
2020-05-09 16:00,10.635,65.04797,4.335,7.3527946,0,0,0,0,31.800001,1,5,93,1,237,130,107,301.50366,578.74243,203.06581,111.386314,91.679504,301.5037,495.87677,5,9,16,0.9096319953545183,0.41541501300188644,0.8878852184023752,-0.460065038,2.3544000427753913,0.79,3.35
2020-05-09 17:00,10.085,68.90925,4.6349998,7.0268917,0,0,0,0,23.400002,0,8,62,1,202,96,106,314.42978,409.8016,159.12552,75.62401,83.50151,314.42978,322.82123,5,9,17,0.9096319953545183,0.41541501300188644,0.8169698930104421,-0.576680322,1.0665852551930466,0.607,1.3320000000000003
2020-05-09 18:00,8.985001,75.234276,4.835,6.207098,0,0,0,0,23.4,0,3,72,1,112,54,58,306.3476,236.59026,71.68269,34.5613,37.121395,306.34756,151.42345,5,9,18,0.9096319953545183,0.41541501300188644,0.7308359642781239,-0.682553143,0.1856495358202476,0.09,0.23
2020-05-09 19:00,7.185,84.13384,4.685,4.4225054,0,0,0,0,10.8,4,12,0,1,26,8,18,86.28634,70.926254,0,0,0,0,0,5,9,19,0.9096319953545183,0.41541501300188644,0.631087944,-0.775711291,0,0,0
2020-05-09 20:00,6.285,89.18502,4.6349998,3.5326853,0,0,0,0,12,0,2,36,0,0,0,0,0,0,0,0,0,0,0,5,9,20,0.9096319953545183,0.41541501300188644,0.5195839500354339,-0.854419405,0,0,0
2020-05-09 21:00,5.485,93.27357,4.485,3.0042448,0,0,0,0,0,0,0,0,0,0,0,0,0,0,0,0,0,0,0,5,9,21,0.9096319953545183,0.41541501300188644,0.3984010898462414,-0.917211302,0,0,0
2020-05-09 22:00,5.085,93.25256,4.085,2.5633917,0,0,0,0,0,0,0,0,0,0,0,0,0,0,0,0,0,0,0,5,9,22,0.9096319953545183,0.41541501300188644,0.2697967711570243,-0.962917287,0,0,0
2020-05-09 23:00,4.785,93.56504,3.835,2.1643157,0,0,0,0,0,0,0,0,0,0,0,0,0,0,0,0,0,0,0,5,9,23,0.9096319953545183,0.41541501300188644,0.1361666490962471,-0.990685946,0,0,0
2020-05-10 00:00,4.785,92.90949,3.735,2.417922,0,0,0,0,18.900002,0,0,63,0,0,0,0,0,0,0,0,0,0,0,5,10,0,0.9096319953545183,0.41541501300188644,-0.136166649,0.9906859460363308,0,0,0
2020-05-10 01:00,4.8849998,91.94,3.685,2.4838219,0,0,0,0,33.6,0,10,92,0,0,0,0,0,0,0,0,0,0,0,5,10,1,0.9096319953545183,0.41541501300188644,0,1,0,0,0
2020-05-10 02:00,5.535,88.810555,3.835,2.997826,0,0,0,0,48,0,33,94,0,0,0,0,0,0,0,0,0,0,0,5,10,2,0.9096319953545183,0.41541501300188644,0.1361666490962466,0.9906859460363308,0,0,0
2020-05-10 03:00,5.6349998,87.5793,3.735,2.994885,0,0,0,0,42,0,22,96,1,1,0,1,0,8.289632,4.4205956,0,4.4205956,0,36.645107,5,10,3,0.9096319953545183,0.41541501300188644,0.2697967711570243,0.9629172873477994,0.036352273194979176,0,0.071
2020-05-10 04:00,6.3849998,84.92981,4.035,3.5610867,0,0,0,0,72.9,0,72,99,1,38,4,34,36.216015,117.00868,64.886604,6.8301687,58.056435,45.874844,199.79726,5,10,4,0.9096319953545183,0.41541501300188644,0.39840108984624145,0.917211302,0.3776796609755412,0.04,0.98
2020-05-10 05:00,7.835,76.36654,3.935,4.921732,0,0,0,0,81.3,0,86,99,1,82,8,74,37.511253,286.18884,106.89833,10.429106,96.46923,37.511253,373.08673,5,10,5,0.9096319953545183,0.41541501300188644,0.5195839500354336,0.8544194045464886,0.9202605838890815,0.189,1.55
2020-05-10 06:00,9.635,68.81682,4.185,6.7466927,0,0,0,0,83.100006,2,86,99,1,164,14,150,40.8727,459.63223,194.35835,16.591566,177.76678,40.8727,544.71564,5,10,6,0.9096319953545183,0.41541501300188644,0.6310879443260529,0.7757112907044198,2.676310479,0.84,4.2940000000000005
2020-05-10 07:00,11.635,64.81855,5.235,8.748161,0,0,0,0,91.8,14,83,98,1,230,58,172,124.41897,625.53094,258.48535,65.183266,193.3021,124.41897,703.00256,5,10,7,0.9096319953545183,0.41541501300188644,0.730835964,0.6825531432186541,3.437696048894649,1.39,5.28
2020-05-10 08:00,12.285001,74.26069,7.835,9.720249,0.6,0.6,0,0,88.8,32,52,96,1,245,31,214,53.840557,772.59344,265.47995,33.59134,231.8886,53.840557,837.1757,5,10,8,0.9096319953545183,0.41541501300188644,0.816969893,0.5766803221148671,3.3098098314655844,1.506,6.748000000000002
2020-05-10 09:00,14.185,69.264534,8.635,11.674351,0.1,0.1,0,0,54.300003,13,23,96,1,297,119,178,179.24586,890.8166,312.7676,125.317665,187.44995,179.24586,938.10974,5,10,9,0.9096319953545183,0.41541501300188644,0.8878852184023752,0.4600650377311522,4.380569065729992,1.72,7.330000000000001
2020-05-10 10:00,16.135,60.082222,8.385,12.627945,0,0,0,0,99.59999,41,60,89,1,518,252,266,347.8122,972.16016,532.2716,258.94296,273.32867,347.81216,998.9446,5,10,10,0.9096319953545183,0.41541501300188644,0.9422609221188204,0.3348796121709863,6.529773188,2.307,10.645000000000001
2020-05-10 11:00,17.035,55.222504,7.985,13.463032,0,0,0,0,100,34,96,60,1,488,267,221,354.3156,1011.10114,490.1494,268.17603,221.9734,354.31564,1015.55457,5,10,11,0.9096319953545183,0.41541501300188644,0.9790840876823229,0.20345601305263375,5.801094060337669,2.19,8.057000000000002
2020-05-10 12:00,17.035,48.651184,6.1349998,13.458839,0.1,0.1,0,0,75.600006,9,81,63,1,367,118,249,157.53558,1005.00555,360.36212,115.86575,244.49637,157.5356,986.8282,5,10,12,0.9096319953545183,0.41541501300188644,0.9976687691905392,0.068242413,5.216376555,1.4,8.297
2020-05-10 13:00,17.435,45.983414,5.685,13.089172,0,0,0,0,90,13,89,83,1,381,144,237,202.45561,954.30975,365.20364,138.02972,227.17392,202.45563,914.74384,5,10,13,0.9096319953545183,0.41541501300188644,0.9976687691905392,-0.068242413,5.222790799,2.03,8.38
2020-05-10 14:00,14.885,65.980225,8.585,11.639488,0,0,0,0,90.9,20,98,47,1,344,154,190,239.56071,862.4888,320.7653,143.5984,177.16687,239.5607,804.2339,5,10,14,0.9096319953545183,0.41541501300188644,0.9790840876823229,-0.203456013,3.723941512092754,1.103,7.640000000000001
2020-05-10 15:00,12.885,77.44224,9.035001,10.314038,0.2,0.2,0,0,65.4,5,98,7,1,131,12,119,21.880121,735.8197,118.00882,10.809968,107.19885,21.880121,662.849,5,10,15,0.9096319953545183,0.41541501300188644,0.9422609221188205,-0.334879612,2.084790299958069,0.849,3.8350000000000013
2020-05-10 16:00,11.885,79.14308,8.385,8.8033905,0.2,0.2,0,0,71.100006,6,93,33,1,166,29,137,66.74145,582.9535,142.44728,24.885368,117.56191,66.74145,500.2418,5,10,16,0.9096319953545183,0.41541501300188644,0.8878852184023752,-0.460065038,1.8857079700270019,0.64,2.794000000000001
2020-05-10 17:00,10.585,83.66643,7.935,7.6632757,0.3,0.3,0,0,100,42,100,87,1,116,28,88,90.66502,414.3252,91.69413,22.133064,69.56106,90.665016,327.51025,5,10,17,0.9096319953545183,0.41541501300188644,0.8169698930104421,-0.576680322,0.7868134035172168,0.209,1.4
2020-05-10 18:00,8.935,85.210945,6.585,5.9277763,0.1,0.1,0,0,89.700005,1,100,96,1,22,0,22,0,241.44122,14.25473,0,14.25473,0,156.43997,5,10,18,0.9096319953545183,0.41541501300188644,0.7308359642781239,-0.682553143,0.1306432573341366,0,0.23
2020-05-10 19:00,7.985,80.7858,4.8849998,4.6162252,0.1,0.1,0,0,82.8,1,100,73,1,4,0,4,0,76.09808,0,0,0,0,0,5,10,19,0.9096319953545183,0.41541501300188644,0.631087944,-0.775711291,0,0,0
2020-05-10 20:00,7.235,85.3211,4.935,3.664981,0.1,0.1,0,0,100,92,100,20,0,0,0,0,0,0,0,0,0,0,0,5,10,20,0.9096319953545183,0.41541501300188644,0.5195839500354339,-0.854419405,0,0,0
2020-05-10 21:00,5.085,85.08458,2.7849998,1.0216885,0.1,0.1,0,0,100,100,100,88,0,0,0,0,0,0,0,0,0,0,0,5,10,21,0.9096319953545183,0.41541501300188644,0.3984010898462414,-0.917211302,0,0,0
2020-05-10 22:00,4.085,82.27861,1.335,-0.292207,0,0,0,0,100,92,99,88,0,0,0,0,0,0,0,0,0,0,0,5,10,22,0.9096319953545183,0.41541501300188644,0.2697967711570243,-0.962917287,0,0,0
2020-05-10 23:00,4.035,82.56773,1.335,-0.39690328,0.1,0.1,0,0,100,82,100,90,0,0,0,0,0,0,0,0,0,0,0,5,10,23,0.9096319953545183,0.41541501300188644,0.1361666490962471,-0.990685946,0,0,0
2020-05-11 00:00,3.735,89.608795,2.185,-0.15167141,0,0,0,0,100,99,95,93,0,0,0,0,0,0,0,0,0,0,0,5,11,0,0.9096319953545183,0.41541501300188644,-0.136166649,0.9906859460363308,0,0,0
2020-05-11 01:00,3.185,86.100784,1.085,-1.0337646,0.1,0.1,0,0,100,98,99,74,0,0,0,0,0,0,0,0,0,0,0,5,11,1,0.9096319953545183,0.41541501300188644,0,1,0,0,0
2020-05-11 02:00,3.185,84.26185,0.785,-0.8925133,0,0,0,0,100,91,89,27,0,0,0,0,0,0,0,0,0,0,0,5,11,2,0.9096319953545183,0.41541501300188644,0.1361666490962466,0.9906859460363308,0,0,0
2020-05-11 03:00,3.185,78.09661,-0.265,-1.3397729,0,0,0,0,64.5,71,1,0,1,1,0,1,0,10.923907,3.8467703,0,3.8467703,0,42.021763,5,11,3,0.9096319953545183,0.41541501300188644,0.2697967711570243,0.9629172873477994,0.007171414,0,0
2020-05-11 04:00,3.085,72.31548,-1.415,-1.5895402,0,0,0,0,79.2,74,21,0,1,41,7,34,62.314857,122.23192,68.71801,11.732344,56.98567,76.81469,204.8667,5,11,4,0.9096319953545183,0.41541501300188644,0.39840108984624145,0.917211302,0.3678995539997979,0.04,0.82
2020-05-11 05:00,3.385,63.142334,-2.9650002,-1.730042,0,0,0,0,0.9,1,0,0,1,145,66,79,304.1155,291.0904,188.20393,85.66524,102.5387,304.1155,377.82315,5,11,5,0.9096319953545183,0.41541501300188644,0.5195839500354336,0.8544194045464886,1.8572233094922044,0.94,2.8930000000000002
2020-05-11 06:00,3.9850001,54.51686,-4.3650002,-1.2853527,0,0,0,0,0.9,1,0,0,1,304,231,73,667.4584,464.19662,359.6135,273.25894,86.35456,667.4583,549.1164,5,11,6,0.9096319953545183,0.41541501300188644,0.6310879443260529,0.7757112907044198,5.243617539446518,4.584,6.42
2020-05-11 07:00,4.8849998,47.647953,-5.315,-0.47616768,0,0,0,0,1.8,2,0,0,1,446,362,84,770.9646,629.7672,500.75775,406.4446,94.31312,770.9646,707.087,5,11,7,0.9096319953545183,0.41541501300188644,0.730835964,0.6825531432186541,7.638803928819114,6.665,8.8
2020-05-11 08:00,5.785,40.229496,-6.715,0.47811508,0,0,0,0,6.8999996,7,1,0,1,578,487,91,841.1368,776.53284,625.97394,527.42096,98.55299,841.1368,840.985,5,11,8,0.9096319953545183,0.41541501300188644,0.816969893,0.5766803221148671,9.026931378857768,8.078999999999999,10.57
2020-05-11 09:00,6.685,33.806656,-8.165,1.74264,0,0,0,0,10.5,11,1,0,1,675,564,111,845.636,894.50916,710.61273,593.7565,116.85632,845.63605,941.7031,5,11,9,0.9096319953545183,0.41541501300188644,0.8878852184023752,0.4600650377311522,9.583074303,5.23,11.11
2020-05-11 10:00,7.535,29.734804,-9.065,2.933835,0,0,0,0,3.6,2,3,0,1,746,624,122,857.7504,975.6735,766.43225,641.09076,125.34146,857.75037,1002.3963,5,11,10,0.9096319953545183,0.41541501300188644,0.9422609221188204,0.3348796121709863,10.530892875608426,9.78,11.71
2020-05-11 11:00,8.435,27.32038,-9.365,3.9347553,0,0,0,0,46.2,0,77,0,1,791,682,109,901.5688,1014.5138,794.4569,684.9806,109.476364,901.56885,1018.94745,5,11,11,0.9096319953545183,0.41541501300188644,0.9790840876823229,0.20345601305263375,10.88850760601496,10.13,11.66
2020-05-11 12:00,7.535,28.591545,-9.565,2.8736587,0,0,0,0,39.600002,0,66,0,1,742,566,176,752.7424,1008.40326,728.6421,555.81055,172.83154,752.7424,990.2494,5,11,12,0.9096319953545183,0.41541501300188644,0.9976687691905392,0.068242413,8.779626238626385,5.52,10.977000000000002
2020-05-11 13:00,8.185,30.753445,-8.065,3.246519,0.2,0,0.14,0,24,0,40,0,1,613,401,212,561.48145,957.7779,587.71875,384.462,203.25671,561.48145,918.27734,5,11,13,0.9096319953545183,0.41541501300188644,0.9976687691905392,-0.068242413,8.033100612953477,4.87,10.150000000000002
2020-05-11 14:00,8.635,27.91964,-8.915,3.2403035,0.1,0.1,0,0,28.2,0,47,0,1,604,432,172,668.89655,866.1085,563.4459,402.99445,160.45149,668.8965,807.95593,5,11,14,0.9096319953545183,0.41541501300188644,0.9790840876823229,-0.203456013,7.457348375200045,4.87,10.15
2020-05-11 15:00,8.635,26.119017,-9.764999,2.8810186,0,0,0,0,36,0,60,0,1,439,283,156,513.0894,739.6608,395.7691,255.13133,140.63776,513.0894,666.8221,5,11,15,0.9096319953545183,0.41541501300188644,0.9422609221188205,-0.334879612,4.199034623096814,1.18,6.44
2020-05-11 16:00,8.435,28.300138,-8.915,2.61481,0,0,0,0,26.400002,0,44,0,1,358,227,131,518.5216,587.07007,307.655,195.07733,112.57767,518.5216,504.51126,5,11,16,0.9096319953545183,0.41541501300188644,0.8878852184023752,-0.460065038,3.191254150284602,2.481,4.36
2020-05-11 17:00,7.935,32.766853,-7.465,2.7074327,0,0,0,0,3.6000001,0,6,0,1,265,193,72,618.0499,418.75153,210.16408,153.0629,57.10118,618.0499,332.1001,5,11,17,0.9096319953545183,0.41541501300188644,0.8169698930104421,-0.576680322,1.4500446393371178,1.12,2.1
2020-05-11 18:00,7.035,38.35245,-6.215,2.3784347,0,0,0,0,1.2,0,2,0,1,131,81,50,441.19086,246.19138,85.856804,53.087032,32.76977,441.19086,161.35272,5,11,18,0.9096319953545183,0.41541501300188644,0.7308359642781239,-0.682553143,0.2548393653892255,0.16,0.2810000000000001
2020-05-11 19:00,5.485,44.503094,-5.665,0.845026,0,0,0,0,0.6,0,1,0,1,33,16,17,165.94196,81.16133,1.5924948,0.7721187,0.8203761,8.859062,3.916636,5,11,19,0.9096319953545183,0.41541501300188644,0.631087944,-0.775711291,0,0,0
2020-05-11 20:00,4.785,46.1932,-5.815,0.01326704,0,0,0,0,0,0,0,0,0,0,0,0,0,0,0,0,0,0,0,5,11,20,0.9096319953545183,0.41541501300188644,0.5195839500354339,-0.854419405,0,0,0
2020-05-11 21:00,3.935,51.11553,-5.265,-0.5856142,0,0,0,0,0,0,0,0,0,0,0,0,0,0,0,0,0,0,0,5,11,21,0.9096319953545183,0.41541501300188644,0.3984010898462414,-0.917211302,0,0,0
2020-05-11 22:00,3.185,58.76992,-4.1150002,-1.0113635,0,0,0,0,0,0,0,0,0,0,0,0,0,0,0,0,0,0,0,5,11,22,0.9096319953545183,0.41541501300188644,0.2697967711570243,-0.962917287,0,0,0
2020-05-11 23:00,2.735,65.37949,-3.115,-1.3278384,0,0,0,0,0,0,0,0,0,0,0,0,0,0,0,0,0,0,0,5,11,23,0.9096319953545183,0.41541501300188644,0.1361666490962471,-0.990685946,0,0,0
